{"bce_loss": 0.27701807022094727, "epoch": 49, "_runtime": 383, "_timestamp": 1613582234, "_step": 11749, "NMI": 0.6413065499572406, "ACC": 0.6528428571428572, "ACC2": 0.6561571428571429, "ARI": 0.5065127977077698}